{
    "字符串": 97.04783100107642,
    "查找算法": 98.45056106354212,
    "排序算法": 98.54383720930234,
    "数组": 98.4953947746196,
    "线性表": 98.62888888888887,
    "图结构": 95.59758293838865,
    "树结构": 96.43915884340973,
    "数字操作": 99.22700557644922
}